delivery_id,address_id,timestamp
928,ADDR_C0DA16BE,2026-06-07 18:35:37.601679
193,ADDR_EAC71EDF,2026-06-07 20:39:49.601679
910,ADDR_A47FE032,2026-06-07 22:46:52.601679
449,ADDR_D198BFC4,2026-06-08 05:05:32.601679
179,ADDR_C64DB979,2026-06-08 05:15:17.601679
945,ADDR_F6940BB7,2026-06-08 11:48:20.601679
674,ADDR_C07CD5FD,2026-06-08 15:02:20.601679
851,ADDR_CB044A14,2026-06-08 15:20:58.601679
789,ADDR_BFD57B00,2026-06-08 17:35:48.601679
654,ADDR_7AED35FE,2026-06-08 20:38:00.601679
728,ADDR_495AE13B,2026-06-08 21:46:27.601679
204,ADDR_1979B32F,2026-06-09 06:51:56.601679
190,ADDR_2E311080,2026-06-09 07:18:56.601679
389,ADDR_716FD968,2026-06-09 07:47:07.601679
45,ADDR_43ADEE87,2026-06-09 12:41:22.601679
405,ADDR_6FFFE4B6,2026-06-09 13:08:45.601679
180,ADDR_B558E0D7,2026-06-09 13:18:03.601679
527,ADDR_C8AAB8D4,2026-06-09 19:44:50.601679
808,ADDR_DEA6A3FA,2026-06-09 21:38:44.601679
797,ADDR_EAD54B45,2026-06-10 02:15:13.601679
394,ADDR_60FF2753,2026-06-10 07:06:39.601679
167,ADDR_34616755,2026-06-10 07:09:52.601679
973,ADDR_81B5873F,2026-06-10 07:31:26.601679
171,ADDR_BEBCCBED,2026-06-10 10:42:01.601679
320,ADDR_CC36EB4B,2026-06-10 11:08:01.601679
15,ADDR_D96289FA,2026-06-10 16:27:17.601679
858,ADDR_BDF84ED7,2026-06-10 16:55:45.601679
671,ADDR_70919BD3,2026-06-10 18:50:55.601679
557,ADDR_2C07AF1A,2026-06-10 20:05:25.601679
874,ADDR_6FE886D9,2026-06-10 20:07:15.601679
254,ADDR_BBFCF7A7,2026-06-11 02:06:21.601679
459,ADDR_899B591A,2026-06-11 07:55:47.601679
467,ADDR_EAC71EDF,2026-06-11 08:19:16.601679
377,ADDR_08497A26,2026-06-11 11:41:41.601679
90,ADDR_3E9BA17D,2026-06-11 16:36:30.601679
319,ADDR_56529736,2026-06-11 17:00:29.601679
680,ADDR_22670424,2026-06-11 20:10:17.601679
530,ADDR_A50BDAE8,2026-06-12 02:33:05.601679
32,ADDR_A7ECCEE3,2026-06-12 02:50:55.601679
225,ADDR_495AE13B,2026-06-12 08:24:36.601679
23,ADDR_54EDF89B,2026-06-12 12:58:25.601679
364,ADDR_43ADEE87,2026-06-12 16:13:28.601679
937,ADDR_70919BD3,2026-06-12 17:41:30.601679
105,ADDR_1865F39D,2026-06-12 19:02:20.601679
978,ADDR_EAC71EDF,2026-06-13 00:10:26.601679
81,ADDR_1E58EF1C,2026-06-13 03:54:32.601679
455,ADDR_214DA568,2026-06-13 10:52:38.601679
532,ADDR_411CBE09,2026-06-13 13:25:27.601679
649,ADDR_BE77219B,2026-06-13 13:52:39.601679
577,ADDR_C8AAB8D4,2026-06-13 15:03:36.601679
514,ADDR_E5904593,2026-06-13 16:55:31.601679
94,ADDR_8B2563BA,2026-06-13 17:11:41.601679
411,ADDR_3E9BA17D,2026-06-13 18:08:40.601679
215,ADDR_94219C75,2026-06-13 20:03:12.601679
278,ADDR_EAD54B45,2026-06-14 00:20:15.601679
806,ADDR_BE77219B,2026-06-14 05:32:46.601679
205,ADDR_CB044A14,2026-06-14 06:26:37.601679
533,ADDR_F932B85E,2026-06-14 09:50:41.601679
43,ADDR_647359FC,2026-06-14 16:58:00.601679
602,ADDR_08497A26,2026-06-14 18:37:06.601679
330,ADDR_C8AAB8D4,2026-06-14 19:03:29.601679
295,ADDR_CC36EB4B,2026-06-14 20:52:12.601679
82,ADDR_CB044A14,2026-06-14 21:53:43.601679
684,ADDR_43ADEE87,2026-06-14 22:15:43.601679
248,ADDR_C6DC2615,2026-06-14 23:52:37.601679
702,ADDR_DDB2F13E,2026-06-15 02:09:14.601679
85,ADDR_445C7B5E,2026-06-15 03:48:53.601679
739,ADDR_7B7534DE,2026-06-15 04:15:30.601679
692,ADDR_F7C1F036,2026-06-15 04:17:45.601679
46,ADDR_BE77219B,2026-06-15 06:27:05.601679
57,ADDR_469EF816,2026-06-15 08:16:46.601679
1000,ADDR_10204270,2026-06-15 09:09:07.601679
596,ADDR_9510DA30,2026-06-15 09:15:57.601679
669,ADDR_39BC7E94,2026-06-15 12:52:10.601679
170,ADDR_93398E92,2026-06-15 15:10:23.601679
714,ADDR_42D7195C,2026-06-15 16:10:51.601679
935,ADDR_CB044A14,2026-06-15 17:04:20.601679
997,ADDR_78A8CF6F,2026-06-15 17:05:21.601679
675,ADDR_78A8CF6F,2026-06-15 17:41:28.601679
97,ADDR_55E30744,2026-06-15 21:31:11.601679
837,ADDR_2BDF30DB,2026-06-15 22:30:18.601679
196,ADDR_A7ECCEE3,2026-06-16 00:30:48.601679
799,ADDR_DB15392A,2026-06-16 01:04:29.601679
876,ADDR_495AE13B,2026-06-16 03:42:13.601679
275,ADDR_F6940BB7,2026-06-16 05:35:09.601679
54,ADDR_2885D7BE,2026-06-16 06:22:34.601679
456,ADDR_B558E0D7,2026-06-16 09:28:37.601679
352,ADDR_CF7172B5,2026-06-16 10:50:53.601679
941,ADDR_178366F3,2026-06-16 22:48:45.601679
892,ADDR_1865F39D,2026-06-16 22:54:33.601679
371,ADDR_AF17E8FE,2026-06-17 02:18:10.601679
342,ADDR_DDB2F13E,2026-06-17 02:36:22.601679
804,ADDR_EAD54B45,2026-06-17 04:29:48.601679
619,ADDR_CF7172B5,2026-06-17 06:47:32.601679
172,ADDR_1FA1B731,2026-06-17 07:53:56.601679
924,ADDR_43ADEE87,2026-06-17 09:02:40.601679
446,ADDR_DDB2F13E,2026-06-17 10:29:48.601679
964,ADDR_18CEA0F2,2026-06-17 11:07:09.601679
561,ADDR_BB09C1D0,2026-06-17 12:07:29.601679
871,ADDR_931CA5FF,2026-06-17 15:39:58.601679
159,ADDR_DDE351E6,2026-06-17 16:04:12.601679
951,ADDR_647359FC,2026-06-17 17:29:44.601679
724,ADDR_F68A53B7,2026-06-17 17:42:30.601679
207,ADDR_6C46BBE0,2026-06-17 18:34:22.601679
55,ADDR_6733942B,2026-06-17 23:41:51.601679
339,ADDR_F68A53B7,2026-06-18 00:26:42.601679
718,ADDR_1FA1B731,2026-06-18 01:18:00.601679
360,ADDR_25A4D9DE,2026-06-18 03:30:17.601679
188,ADDR_BE77219B,2026-06-18 11:20:10.601679
29,ADDR_EAD54B45,2026-06-18 11:24:37.601679
264,ADDR_1979B32F,2026-06-18 17:22:22.601679
28,ADDR_C3D5A39D,2026-06-18 18:13:57.601679
832,ADDR_F7C1F036,2026-06-18 19:11:55.601679
609,ADDR_B5282198,2026-06-19 02:23:06.601679
877,ADDR_16919F02,2026-06-19 02:32:52.601679
499,ADDR_C8AAB8D4,2026-06-19 02:37:01.601679
267,ADDR_CEC3B7C2,2026-06-19 03:25:17.601679
545,ADDR_80C70EAF,2026-06-19 05:27:14.601679
370,ADDR_1865F39D,2026-06-19 05:52:06.601679
284,ADDR_F68A53B7,2026-06-19 11:48:49.601679
185,ADDR_DDB2F13E,2026-06-19 12:56:45.601679
965,ADDR_371C4CFE,2026-06-19 15:59:44.601679
926,ADDR_BE77219B,2026-06-19 18:30:43.601679
896,ADDR_495AE13B,2026-06-20 00:41:22.601679
547,ADDR_F7C1F036,2026-06-20 01:45:31.601679
302,ADDR_D198BFC4,2026-06-20 05:41:13.601679
523,ADDR_C07CD5FD,2026-06-20 12:28:16.601679
985,ADDR_F932B85E,2026-06-20 12:33:39.601679
948,ADDR_DB15392A,2026-06-20 13:00:32.601679
721,ADDR_1EEFDA4E,2026-06-20 13:46:56.601679
897,ADDR_78A8CF6F,2026-06-20 14:12:38.601679
209,ADDR_4229D735,2026-06-20 15:53:07.601679
502,ADDR_E98743AA,2026-06-20 16:15:23.601679
472,ADDR_34616755,2026-06-20 17:43:37.601679
536,ADDR_B094F368,2026-06-20 20:35:26.601679
743,ADDR_BE77219B,2026-06-20 20:43:55.601679
272,ADDR_A74DFEBD,2026-06-20 21:17:19.601679
441,ADDR_78A8CF6F,2026-06-21 00:53:16.601679
645,ADDR_25A4D9DE,2026-06-21 01:23:49.601679
261,ADDR_15C2066F,2026-06-21 01:52:17.601679
177,ADDR_78A8CF6F,2026-06-21 04:25:44.601679
769,ADDR_1865F39D,2026-06-21 05:19:46.601679
381,ADDR_82C1322A,2026-06-21 06:43:54.601679
968,ADDR_1FA1B731,2026-06-21 06:50:47.601679
568,ADDR_BBFCF7A7,2026-06-21 07:33:29.601679
14,ADDR_469EF816,2026-06-21 11:36:37.601679
901,ADDR_F7C1F036,2026-06-21 12:18:09.601679
252,ADDR_C6DC2615,2026-06-21 13:43:07.601679
956,ADDR_B1C340CA,2026-06-21 13:53:25.601679
192,ADDR_DDB2F13E,2026-06-21 15:34:36.601679
590,ADDR_A1C0B33A,2026-06-21 17:22:57.601679
625,ADDR_E98743AA,2026-06-21 21:02:35.601679
736,ADDR_1EEFDA4E,2026-06-21 21:04:17.601679
174,ADDR_9510DA30,2026-06-21 21:20:17.601679
402,ADDR_83AEFA64,2026-06-22 01:21:39.601679
661,ADDR_178366F3,2026-06-22 03:58:29.601679
796,ADDR_60FF2753,2026-06-22 08:16:47.601679
647,ADDR_758D269D,2026-06-22 08:56:35.601679
305,ADDR_AF17E8FE,2026-06-22 13:34:13.601679
258,ADDR_22E65630,2026-06-22 14:33:19.601679
771,ADDR_1979B32F,2026-06-22 16:11:54.601679
130,ADDR_B1C340CA,2026-06-22 18:04:01.601679
18,ADDR_BE77219B,2026-06-22 23:48:31.601679
22,ADDR_43ADEE87,2026-06-22 23:48:36.601679
450,ADDR_B5282198,2026-06-23 01:02:52.601679
927,ADDR_B375D036,2026-06-23 01:08:48.601679
331,ADDR_60FF2753,2026-06-23 01:22:21.601679
932,ADDR_70919BD3,2026-06-23 03:27:46.601679
251,ADDR_54EDF89B,2026-06-23 05:48:52.601679
162,ADDR_10204270,2026-06-23 06:34:24.601679
306,ADDR_C8AAB8D4,2026-06-23 10:25:44.601679
154,ADDR_943CCABB,2026-06-23 10:38:29.601679
475,ADDR_6FFFE4B6,2026-06-23 11:39:27.601679
517,ADDR_F685A282,2026-06-23 16:25:04.601679
882,ADDR_4DAB4BAB,2026-06-23 19:47:01.601679
857,ADDR_F6940BB7,2026-06-23 22:44:50.601679
60,ADDR_9510DA30,2026-06-24 00:47:46.601679
887,ADDR_2E311080,2026-06-24 01:21:58.601679
637,ADDR_BBFCF7A7,2026-06-24 03:26:10.601679
734,ADDR_1865F39D,2026-06-24 03:59:10.601679
733,ADDR_C87A09DA,2026-06-24 04:10:31.601679
834,ADDR_BE77219B,2026-06-24 11:02:12.601679
98,ADDR_F68A53B7,2026-06-24 11:06:36.601679
988,ADDR_4CE96A54,2026-06-24 11:36:09.601679
846,ADDR_2885D7BE,2026-06-24 12:41:05.601679
812,ADDR_DDB2F13E,2026-06-24 15:31:26.601679
460,ADDR_CEC3B7C2,2026-06-24 16:56:56.601679
39,ADDR_54EDF89B,2026-06-24 18:25:01.601679
70,ADDR_C095B563,2026-06-24 21:47:56.601679
687,ADDR_6C46BBE0,2026-06-25 02:56:41.601679
237,ADDR_B1C340CA,2026-06-25 05:30:45.601679
138,ADDR_BD12651B,2026-06-25 06:25:12.601679
301,ADDR_F8690423,2026-06-25 09:01:24.601679
214,ADDR_716FD968,2026-06-25 09:45:25.601679
485,ADDR_7A5D8434,2026-06-25 15:35:24.601679
265,ADDR_516BBFE5,2026-06-25 18:32:31.601679
477,ADDR_D80A3A9E,2026-06-25 18:53:38.601679
816,ADDR_4019FD5E,2026-06-25 19:19:53.601679
231,ADDR_9510DA30,2026-06-25 20:20:03.601679
848,ADDR_EAC71EDF,2026-06-25 20:59:23.601679
195,ADDR_87A157D2,2026-06-25 21:29:29.601679
92,ADDR_C87A09DA,2026-06-25 23:38:54.601679
555,ADDR_BD12651B,2026-06-26 00:12:35.601679
348,ADDR_42D7195C,2026-06-26 03:21:50.601679
608,ADDR_BD23C5AB,2026-06-26 03:48:21.601679
599,ADDR_42D7195C,2026-06-26 04:52:22.601679
480,ADDR_1865F39D,2026-06-26 11:07:01.601679
365,ADDR_DDEB8156,2026-06-26 14:35:54.601679
852,ADDR_7B7534DE,2026-06-26 15:42:03.601679
742,ADDR_2E311080,2026-06-26 16:40:44.601679
310,ADDR_15C2066F,2026-06-26 18:26:06.601679
819,ADDR_2BDF30DB,2026-06-26 20:49:04.601679
218,ADDR_43ADEE87,2026-06-27 01:49:01.601679
217,ADDR_08497A26,2026-06-27 06:45:34.601679
622,ADDR_1FA1B731,2026-06-27 10:20:23.601679
595,ADDR_DDB2F13E,2026-06-27 10:49:39.601679
34,ADDR_C07CD5FD,2026-06-27 13:21:32.601679
975,ADDR_6FE886D9,2026-06-27 15:44:30.601679
884,ADDR_BB09C1D0,2026-06-27 19:13:48.601679
689,ADDR_21E90CCF,2026-06-27 19:43:55.601679
35,ADDR_C8AAB8D4,2026-06-28 05:13:46.601679
438,ADDR_54EDF89B,2026-06-28 11:38:38.601679
127,ADDR_C8AAB8D4,2026-06-28 12:07:25.601679
269,ADDR_78A8CF6F,2026-06-28 13:00:14.601679
27,ADDR_DE591318,2026-06-28 15:19:50.601679
963,ADDR_332E52B3,2026-06-28 19:14:07.601679
916,ADDR_F685A282,2026-06-28 20:35:56.601679
529,ADDR_7F3A62C8,2026-06-28 20:45:55.601679
508,ADDR_6C46BBE0,2026-06-28 21:57:16.601679
870,ADDR_C0DA16BE,2026-06-28 22:15:29.601679
859,ADDR_BBFCF7A7,2026-06-29 02:53:22.601679
501,ADDR_173E1F17,2026-06-29 03:38:04.601679
59,ADDR_54EDF89B,2026-06-29 05:19:08.601679
790,ADDR_178366F3,2026-06-29 06:19:07.601679
548,ADDR_F57F5291,2026-06-29 07:55:27.601679
2,ADDR_1E58EF1C,2026-06-29 16:00:26.601679
129,ADDR_7B7534DE,2026-06-29 16:54:07.601679
949,ADDR_716FD968,2026-06-29 22:30:12.601679
553,ADDR_BEBCCBED,2026-06-30 00:10:28.601679
646,ADDR_83AEFA64,2026-06-30 04:17:51.601679
457,ADDR_70919BD3,2026-06-30 06:07:51.601679
146,ADDR_BBFCF7A7,2026-06-30 10:17:05.601679
169,ADDR_8B2563BA,2026-06-30 14:25:16.601679
255,ADDR_AF17E8FE,2026-06-30 14:55:39.601679
66,ADDR_94219C75,2026-06-30 15:33:53.601679
878,ADDR_BBFCF7A7,2026-06-30 17:08:34.601679
143,ADDR_1865F39D,2026-06-30 18:30:14.601679
194,ADDR_529C0368,2026-07-01 01:34:26.601679
560,ADDR_34616755,2026-07-01 01:48:42.601679
354,ADDR_BE77219B,2026-07-01 01:57:25.601679
588,ADDR_F685A282,2026-07-01 02:30:54.601679
981,ADDR_93398E92,2026-07-01 02:46:47.601679
770,ADDR_D3EAA83E,2026-07-01 04:58:07.601679
403,ADDR_CC36EB4B,2026-07-01 05:22:39.601679
443,ADDR_46164A95,2026-07-01 05:59:12.601679
611,ADDR_716FD968,2026-07-01 06:18:06.601679
732,ADDR_B1C340CA,2026-07-01 06:38:58.601679
564,ADDR_6FE886D9,2026-07-01 11:17:25.601679
713,ADDR_EAC71EDF,2026-07-01 15:17:17.601679
422,ADDR_7B7534DE,2026-07-01 15:26:59.601679
740,ADDR_CB044A14,2026-07-01 15:36:54.601679
899,ADDR_1FA1B731,2026-07-01 17:51:46.601679
487,ADDR_1FA1B731,2026-07-01 19:00:36.601679
109,ADDR_93398E92,2026-07-02 04:12:40.601679
222,ADDR_4CE96A54,2026-07-02 07:16:56.601679
67,ADDR_178366F3,2026-07-02 13:28:04.601679
437,ADDR_332E52B3,2026-07-02 14:34:34.601679
268,ADDR_F9CCE202,2026-07-02 23:32:15.601679
492,ADDR_C87A09DA,2026-07-03 02:28:53.601679
617,ADDR_CB044A14,2026-07-03 02:30:04.601679
991,ADDR_758D269D,2026-07-03 03:57:16.601679
322,ADDR_536D5F87,2026-07-03 09:42:41.601679
395,ADDR_2E311080,2026-07-03 11:44:57.601679
8,ADDR_39BC7E94,2026-07-03 16:13:01.601679
918,ADDR_E98743AA,2026-07-03 18:45:17.601679
902,ADDR_C87A09DA,2026-07-03 19:10:29.601679
683,ADDR_DDEB8156,2026-07-04 00:42:57.601679
24,ADDR_1865F39D,2026-07-04 03:03:51.601679
9,ADDR_22E65630,2026-07-04 05:47:05.601679
246,ADDR_B1C340CA,2026-07-04 08:46:44.601679
860,ADDR_EAC71EDF,2026-07-04 09:28:20.601679
895,ADDR_29FB2DC4,2026-07-04 15:13:45.601679
999,ADDR_1E6718FE,2026-07-04 15:33:55.601679
822,ADDR_E98743AA,2026-07-04 17:36:32.601679
263,ADDR_1FA1B731,2026-07-04 18:24:46.601679
685,ADDR_1865F39D,2026-07-04 22:20:06.601679
886,ADDR_CB044A14,2026-07-04 23:59:39.601679
356,ADDR_43ADEE87,2026-07-05 00:37:35.601679
152,ADDR_BE77219B,2026-07-05 01:35:39.601679
919,ADDR_1FA1B731,2026-07-05 05:50:18.601679
161,ADDR_E61FFC71,2026-07-05 09:15:48.601679
270,ADDR_B1C340CA,2026-07-05 10:27:39.601679
994,ADDR_F7C1F036,2026-07-05 12:35:00.601679
656,ADDR_1E58EF1C,2026-07-05 13:03:04.601679
175,ADDR_371C4CFE,2026-07-05 13:29:45.601679
429,ADDR_42D7195C,2026-07-05 15:36:59.601679
184,ADDR_6FFFE4B6,2026-07-05 16:20:38.601679
366,ADDR_CB044A14,2026-07-05 17:30:33.601679
861,ADDR_E98743AA,2026-07-05 17:40:09.601679
569,ADDR_F68A53B7,2026-07-05 19:03:04.601679
279,ADDR_7AED35FE,2026-07-05 21:36:42.601679
434,ADDR_F3A2FBF9,2026-07-05 21:49:20.601679
754,ADDR_B5282198,2026-07-06 00:08:31.601679
500,ADDR_F8690423,2026-07-06 08:30:21.601679
628,ADDR_42D7195C,2026-07-06 08:51:59.601679
798,ADDR_716FD968,2026-07-06 09:25:32.601679
424,ADDR_E98743AA,2026-07-06 14:30:38.601679
873,ADDR_54EDF89B,2026-07-06 14:43:50.601679
550,ADDR_516BBFE5,2026-07-06 16:15:17.601679
423,ADDR_39302E7F,2026-07-06 16:34:19.601679
738,ADDR_1E58EF1C,2026-07-06 19:29:31.601679
388,ADDR_DEA6A3FA,2026-07-06 19:34:52.601679
586,ADDR_DE591318,2026-07-06 19:48:34.601679
589,ADDR_899B591A,2026-07-06 21:47:06.601679
735,ADDR_371C4CFE,2026-07-06 22:42:19.601679
327,ADDR_EAC71EDF,2026-07-07 00:56:56.601679
839,ADDR_6FFFE4B6,2026-07-07 08:36:20.601679
938,ADDR_F7C1F036,2026-07-07 08:54:24.601679
240,ADDR_6C46BBE0,2026-07-07 11:12:20.601679
495,ADDR_6FFFE4B6,2026-07-07 11:55:45.601679
719,ADDR_178366F3,2026-07-07 15:20:01.601679
351,ADDR_CF7172B5,2026-07-07 15:58:12.601679
10,ADDR_78A8CF6F,2026-07-07 17:00:18.601679
291,ADDR_18CEA0F2,2026-07-07 17:43:05.601679
147,ADDR_F685A282,2026-07-07 18:07:51.601679
118,ADDR_81B5873F,2026-07-07 18:23:48.601679
58,ADDR_F7C1F036,2026-07-07 20:00:38.601679
801,ADDR_6BF76098,2026-07-07 23:46:32.601679
334,ADDR_2BDF30DB,2026-07-08 01:23:19.601679
838,ADDR_1865F39D,2026-07-08 02:47:39.601679
830,ADDR_B5282198,2026-07-08 03:18:11.601679
415,ADDR_943CCABB,2026-07-08 04:06:54.601679
752,ADDR_A74DFEBD,2026-07-08 05:07:07.601679
688,ADDR_B375D036,2026-07-08 05:49:15.601679
219,ADDR_34616755,2026-07-08 08:24:36.601679
296,ADDR_AF17E8FE,2026-07-08 11:44:47.601679
571,ADDR_AB8F67EE,2026-07-08 16:07:05.601679
335,ADDR_80C70EAF,2026-07-08 17:04:47.601679
573,ADDR_1865F39D,2026-07-08 20:13:20.601679
750,ADDR_371C4CFE,2026-07-08 20:13:21.601679
454,ADDR_B5282198,2026-07-08 21:23:36.601679
238,ADDR_4CE96A54,2026-07-08 21:29:43.601679
614,ADDR_DDB2F13E,2026-07-08 22:26:09.601679
727,ADDR_2E311080,2026-07-09 04:59:45.601679
51,ADDR_21E90CCF,2026-07-09 05:46:59.601679
413,ADDR_BB09C1D0,2026-07-09 06:26:20.601679
757,ADDR_BBFCF7A7,2026-07-09 08:23:18.601679
239,ADDR_178366F3,2026-07-09 13:07:38.601679
37,ADDR_1979B32F,2026-07-09 13:35:56.601679
490,ADDR_1EEFDA4E,2026-07-09 17:06:04.601679
107,ADDR_9510DA30,2026-07-09 17:15:13.601679
629,ADDR_BD12651B,2026-07-09 17:39:37.601679
813,ADDR_7AED35FE,2026-07-09 20:16:49.601679
677,ADDR_3EA7762F,2026-07-09 20:56:06.601679
696,ADDR_D7DF0052,2026-07-09 22:00:18.601679
226,ADDR_495AE13B,2026-07-09 22:27:33.601679
378,ADDR_371C4CFE,2026-07-10 01:03:34.601679
112,ADDR_6FE886D9,2026-07-10 01:48:30.601679
747,ADDR_9510DA30,2026-07-10 05:00:37.601679
469,ADDR_2E311080,2026-07-10 05:43:23.601679
135,ADDR_08497A26,2026-07-10 09:44:11.601679
478,ADDR_BD23C5AB,2026-07-10 10:32:48.601679
104,ADDR_DE591318,2026-07-10 13:28:16.601679
333,ADDR_A1DE5BDC,2026-07-10 17:43:29.601679
417,ADDR_5B8DA62D,2026-07-10 22:41:54.601679
96,ADDR_D7DF0052,2026-07-11 01:17:11.601679
922,ADDR_7B7534DE,2026-07-11 01:59:23.601679
582,ADDR_43ADEE87,2026-07-11 03:33:47.601679
700,ADDR_54EDF89B,2026-07-11 06:55:46.601679
554,ADDR_DDB2F13E,2026-07-11 07:37:45.601679
875,ADDR_BE77219B,2026-07-11 13:15:42.601679
114,ADDR_6BF76098,2026-07-11 16:09:36.601679
880,ADDR_46164A95,2026-07-11 18:02:51.601679
11,ADDR_48BB145D,2026-07-11 18:57:44.601679
959,ADDR_8F1905B6,2026-07-11 19:20:43.601679
355,ADDR_E98743AA,2026-07-11 23:19:25.601679
725,ADDR_516BBFE5,2026-07-12 01:41:55.601679
708,ADDR_7B7534DE,2026-07-12 06:07:07.601679
224,ADDR_B094F368,2026-07-12 08:49:43.601679
914,ADDR_6C46BBE0,2026-07-12 11:44:17.601679
197,ADDR_051B3227,2026-07-12 17:17:10.601679
287,ADDR_AB01BD6E,2026-07-12 17:58:06.601679
984,ADDR_0240CABB,2026-07-12 18:26:18.601679
283,ADDR_8F1905B6,2026-07-12 19:21:23.601679
126,ADDR_CB044A14,2026-07-12 21:55:56.601679
142,ADDR_43ADEE87,2026-07-13 01:53:51.601679
759,ADDR_BBFCF7A7,2026-07-13 03:33:59.601679
987,ADDR_DDEB8156,2026-07-13 04:29:28.601679
362,ADDR_F9CCE202,2026-07-13 05:20:32.601679
826,ADDR_F685A282,2026-07-13 05:22:41.601679
363,ADDR_2C07AF1A,2026-07-13 05:42:52.601679
256,ADDR_BBFCF7A7,2026-07-13 06:37:32.601679
867,ADDR_4CE96A54,2026-07-13 07:52:06.601679
84,ADDR_08497A26,2026-07-13 12:14:22.601679
288,ADDR_DDE351E6,2026-07-13 12:38:38.601679
908,ADDR_F932B85E,2026-07-13 13:01:00.601679
338,ADDR_FB64773A,2026-07-13 16:26:23.601679
259,ADDR_1865F39D,2026-07-13 17:25:42.601679
158,ADDR_716FD968,2026-07-13 18:00:19.601679
102,ADDR_BD12651B,2026-07-13 21:49:36.601679
665,ADDR_F7C1F036,2026-07-13 22:17:30.601679
203,ADDR_93398E92,2026-07-13 22:52:34.601679
840,ADDR_6FFFE4B6,2026-07-13 22:53:05.601679
903,ADDR_4019FD5E,2026-07-14 03:14:00.601679
709,ADDR_DDE351E6,2026-07-14 03:49:36.601679
137,ADDR_FB64773A,2026-07-14 06:50:22.601679
600,ADDR_43ADEE87,2026-07-14 07:53:01.601679
541,ADDR_2885D7BE,2026-07-14 08:38:55.601679
672,ADDR_178366F3,2026-07-14 12:46:04.601679
715,ADDR_1EEFDA4E,2026-07-14 14:28:57.601679
711,ADDR_46164A95,2026-07-14 14:39:08.601679
615,ADDR_BBFCF7A7,2026-07-14 16:01:29.601679
953,ADDR_C8AAB8D4,2026-07-14 20:49:23.601679
488,ADDR_25A4D9DE,2026-07-14 22:48:42.601679
843,ADDR_371C4CFE,2026-07-14 23:07:39.601679
966,ADDR_46164A95,2026-07-14 23:52:40.601679
343,ADDR_43ADEE87,2026-07-15 00:09:09.601679
230,ADDR_D7DF0052,2026-07-15 05:57:58.601679
266,ADDR_CF7172B5,2026-07-15 06:45:52.601679
103,ADDR_2885D7BE,2026-07-15 07:45:52.601679
729,ADDR_EAC71EDF,2026-07-15 08:39:25.601679
594,ADDR_F685A282,2026-07-15 10:06:02.601679
717,ADDR_BD12651B,2026-07-15 12:54:13.601679
977,ADDR_B094F368,2026-07-15 17:51:52.601679
116,ADDR_78A8CF6F,2026-07-15 18:20:48.601679
383,ADDR_1FA1B731,2026-07-15 20:40:08.601679
744,ADDR_C8AAB8D4,2026-07-16 03:02:51.601679
168,ADDR_DB15392A,2026-07-16 04:49:23.601679
262,ADDR_F685A282,2026-07-16 08:30:18.601679
753,ADDR_8F1905B6,2026-07-16 08:59:02.601679
337,ADDR_EAD54B45,2026-07-16 10:05:44.601679
484,ADDR_A47FE032,2026-07-16 15:01:39.601679
565,ADDR_D96289FA,2026-07-16 18:21:53.601679
48,ADDR_BFD57B00,2026-07-16 23:23:32.601679
50,ADDR_EAC71EDF,2026-07-17 00:48:44.601679
815,ADDR_DDB2F13E,2026-07-17 00:50:51.601679
482,ADDR_F8690423,2026-07-17 01:52:46.601679
329,ADDR_647359FC,2026-07-17 03:16:58.601679
249,ADDR_7A5D8434,2026-07-17 03:33:25.601679
535,ADDR_22E65630,2026-07-17 09:44:51.601679
768,ADDR_BBFCF7A7,2026-07-17 10:23:15.601679
294,ADDR_DE591318,2026-07-17 11:04:04.601679
592,ADDR_C07CD5FD,2026-07-17 18:37:36.601679
576,ADDR_F68A53B7,2026-07-17 20:41:01.601679
623,ADDR_BEBCCBED,2026-07-17 21:32:44.601679
585,ADDR_1FA1B731,2026-07-18 03:07:31.601679
391,ADDR_6FFFE4B6,2026-07-18 03:37:40.601679
49,ADDR_DEA6A3FA,2026-07-18 06:18:57.601679
344,ADDR_495AE13B,2026-07-18 07:20:35.601679
777,ADDR_A64DFECF,2026-07-18 07:43:47.601679
406,ADDR_C0DA16BE,2026-07-18 08:50:50.601679
558,ADDR_647359FC,2026-07-18 09:55:12.601679
186,ADDR_43ADEE87,2026-07-18 11:16:58.601679
17,ADDR_E98743AA,2026-07-18 11:17:57.601679
538,ADDR_3EA7762F,2026-07-18 12:31:58.601679
183,ADDR_2BDF30DB,2026-07-18 19:16:25.601679
996,ADDR_D198BFC4,2026-07-18 20:01:13.601679
25,ADDR_F6940BB7,2026-07-18 21:02:40.601679
235,ADDR_BDF84ED7,2026-07-18 22:10:28.601679
929,ADDR_B1C340CA,2026-07-19 05:51:47.601679
967,ADDR_CB044A14,2026-07-19 09:34:00.601679
820,ADDR_BE77219B,2026-07-19 09:56:57.601679
658,ADDR_78A8CF6F,2026-07-19 12:19:36.601679
722,ADDR_18CEA0F2,2026-07-19 13:16:25.601679
817,ADDR_F8690423,2026-07-19 15:57:53.601679
676,ADDR_CF7172B5,2026-07-19 20:06:04.601679
737,ADDR_411CBE09,2026-07-19 21:53:15.601679
701,ADDR_C07CD5FD,2026-07-20 03:30:29.601679
141,ADDR_8F1905B6,2026-07-20 04:52:17.601679
100,ADDR_6733942B,2026-07-20 08:56:44.601679
229,ADDR_469EF816,2026-07-20 09:40:45.601679
78,ADDR_1FA1B731,2026-07-20 09:44:24.601679
151,ADDR_81B5873F,2026-07-20 11:41:05.601679
26,ADDR_7B7534DE,2026-07-20 15:03:22.601679
79,ADDR_758D269D,2026-07-20 15:26:17.601679
793,ADDR_C87A09DA,2026-07-20 23:45:28.601679
562,ADDR_2E311080,2026-07-21 01:18:06.601679
243,ADDR_F6940BB7,2026-07-21 02:54:22.601679
773,ADDR_BEBCCBED,2026-07-21 07:25:11.601679
341,ADDR_AF17E8FE,2026-07-21 08:39:11.601679
297,ADDR_F8690423,2026-07-21 09:32:06.601679
707,ADDR_1E58EF1C,2026-07-21 10:52:35.601679
849,ADDR_1FA1B731,2026-07-21 11:55:37.601679
166,ADDR_E98743AA,2026-07-21 12:13:22.601679
83,ADDR_C8AAB8D4,2026-07-21 14:03:15.601679
273,ADDR_1DE1536E,2026-07-21 14:21:15.601679
503,ADDR_716FD968,2026-07-21 21:11:44.601679
524,ADDR_F68A53B7,2026-07-22 01:26:10.601679
862,ADDR_8F1905B6,2026-07-22 02:39:16.601679
827,ADDR_A47FE032,2026-07-22 03:11:18.601679
216,ADDR_42D7195C,2026-07-22 03:29:21.601679
666,ADDR_B5282198,2026-07-22 06:33:39.601679
416,ADDR_B5282198,2026-07-22 08:06:44.601679
814,ADDR_E5904593,2026-07-22 13:40:58.601679
88,ADDR_F68A53B7,2026-07-22 15:12:53.601679
794,ADDR_BEBCCBED,2026-07-22 16:02:02.601679
340,ADDR_1FA1B731,2026-07-22 23:58:42.601679
350,ADDR_B1C340CA,2026-07-23 00:46:36.601679
473,ADDR_E61FFC71,2026-07-23 03:35:09.601679
178,ADDR_4229D735,2026-07-23 06:07:27.601679
506,ADDR_7AED35FE,2026-07-23 10:07:39.601679
534,ADDR_FA039EC2,2026-07-23 13:01:27.601679
176,ADDR_2885D7BE,2026-07-23 13:55:06.601679
93,ADDR_1FA1B731,2026-07-23 21:18:52.601679
673,ADDR_BEBCCBED,2026-07-23 22:11:27.601679
942,ADDR_7F3A62C8,2026-07-24 00:03:31.601679
452,ADDR_6FE886D9,2026-07-24 01:33:15.601679
486,ADDR_55E30744,2026-07-24 01:34:02.601679
414,ADDR_B1C340CA,2026-07-24 03:42:13.601679
774,ADDR_B7372220,2026-07-24 05:42:59.601679
605,ADDR_E5904593,2026-07-24 06:05:17.601679
427,ADDR_7B7534DE,2026-07-24 07:02:29.601679
399,ADDR_43ADEE87,2026-07-24 08:32:43.601679
803,ADDR_BB09C1D0,2026-07-24 14:19:03.601679
332,ADDR_C0DA16BE,2026-07-24 17:24:19.601679
844,ADDR_DB15392A,2026-07-24 23:02:32.601679
652,ADDR_716FD968,2026-07-25 01:48:06.601679
909,ADDR_BE77219B,2026-07-25 02:14:40.601679
847,ADDR_DDE351E6,2026-07-25 05:58:02.601679
387,ADDR_F68A53B7,2026-07-25 06:26:38.601679
635,ADDR_F8690423,2026-07-25 08:11:21.601679
271,ADDR_60FF2753,2026-07-25 09:35:52.601679
855,ADDR_DE591318,2026-07-25 10:49:22.601679
471,ADDR_4CE96A54,2026-07-25 15:55:04.601679
980,ADDR_B5282198,2026-07-25 18:11:26.601679
854,ADDR_F68A53B7,2026-07-25 18:22:55.601679
464,ADDR_F7C1F036,2026-07-25 19:20:48.601679
581,ADDR_DB15392A,2026-07-25 19:53:55.601679
741,ADDR_42D7195C,2026-07-25 20:19:19.601679
38,ADDR_6FFFE4B6,2026-07-26 00:00:37.601679
232,ADDR_CF7172B5,2026-07-26 00:19:55.601679
325,ADDR_F8690423,2026-07-26 01:31:53.601679
349,ADDR_2C07AF1A,2026-07-26 02:03:41.601679
631,ADDR_445C7B5E,2026-07-26 04:28:31.601679
189,ADDR_445C7B5E,2026-07-26 05:42:18.601679
376,ADDR_F68A53B7,2026-07-26 06:17:04.601679
41,ADDR_78A8CF6F,2026-07-26 06:42:51.601679
699,ADDR_42D7195C,2026-07-26 07:57:01.601679
995,ADDR_4019FD5E,2026-07-26 08:32:50.601679
408,ADDR_A74DFEBD,2026-07-26 10:20:34.601679
153,ADDR_BBFCF7A7,2026-07-26 12:52:34.601679
367,ADDR_A598CE20,2026-07-26 16:01:08.601679
353,ADDR_81B5873F,2026-07-26 18:47:22.601679
648,ADDR_25A4D9DE,2026-07-26 19:27:42.601679
132,ADDR_BBFCF7A7,2026-07-27 00:01:16.601679
125,ADDR_7A5D8434,2026-07-27 01:52:57.601679
976,ADDR_F68A53B7,2026-07-27 04:17:32.601679
62,ADDR_6FFFE4B6,2026-07-27 05:17:34.601679
841,ADDR_60FF2753,2026-07-27 07:19:36.601679
483,ADDR_39BC7E94,2026-07-27 17:42:34.601679
220,ADDR_F932B85E,2026-07-27 17:56:57.601679
906,ADDR_178366F3,2026-07-27 18:29:06.601679
160,ADDR_42D7195C,2026-07-27 19:10:28.601679
298,ADDR_A1DE5BDC,2026-07-27 22:33:17.601679
412,ADDR_ACC1CFB7,2026-07-28 01:38:17.601679
791,ADDR_F68A53B7,2026-07-28 01:54:18.601679
308,ADDR_E98743AA,2026-07-28 02:08:17.601679
379,ADDR_F3A2FBF9,2026-07-28 03:09:05.601679
518,ADDR_A47FE032,2026-07-28 05:30:08.601679
641,ADDR_B5282198,2026-07-28 13:53:51.601679
584,ADDR_BEBCCBED,2026-07-28 15:06:22.601679
511,ADDR_BBFCF7A7,2026-07-28 17:32:16.601679
293,ADDR_42D7195C,2026-07-28 17:58:41.601679
198,ADDR_758D269D,2026-07-28 18:49:33.601679
134,ADDR_3E9BA17D,2026-07-28 19:55:34.601679
31,ADDR_6119DC9A,2026-07-28 20:51:50.601679
829,ADDR_495AE13B,2026-07-28 22:41:01.601679
16,ADDR_178366F3,2026-07-29 05:07:58.601679
552,ADDR_4CE96A54,2026-07-29 08:30:49.601679
653,ADDR_21E90CCF,2026-07-29 09:09:48.601679
40,ADDR_AF17E8FE,2026-07-29 10:01:31.601679
313,ADDR_C8AAB8D4,2026-07-29 12:06:45.601679
775,ADDR_46164A95,2026-07-29 14:11:05.601679
598,ADDR_BEBCCBED,2026-07-29 17:08:23.601679
359,ADDR_716FD968,2026-07-29 19:35:55.601679
780,ADDR_D7DF0052,2026-07-29 20:06:00.601679
546,ADDR_ABDA6772,2026-07-29 20:55:17.601679
998,ADDR_F8690423,2026-07-29 21:50:47.601679
439,ADDR_A74DFEBD,2026-07-29 23:59:46.601679
566,ADDR_16919F02,2026-07-30 02:45:00.601679
326,ADDR_34616755,2026-07-30 16:18:22.601679
761,ADDR_A74DFEBD,2026-07-30 16:25:35.601679
210,ADDR_43ADEE87,2026-07-30 17:19:22.601679
638,ADDR_371C4CFE,2026-07-30 18:33:49.601679
864,ADDR_2C07AF1A,2026-07-31 01:58:24.601679
368,ADDR_BE77219B,2026-07-31 02:16:42.601679
311,ADDR_D3EAA83E,2026-07-31 04:34:19.601679
300,ADDR_39BC7E94,2026-07-31 05:38:55.601679
289,ADDR_F76A6D6D,2026-07-31 06:26:56.601679
626,ADDR_21E90CCF,2026-07-31 10:19:40.601679
970,ADDR_18CEA0F2,2026-07-31 10:31:34.601679
200,ADDR_FA039EC2,2026-07-31 12:17:10.601679
723,ADDR_BE77219B,2026-07-31 13:39:23.601679
6,ADDR_1865F39D,2026-07-31 18:18:58.601679
593,ADDR_B5282198,2026-07-31 19:35:27.601679
373,ADDR_FA039EC2,2026-07-31 20:51:39.601679
525,ADDR_E5904593,2026-07-31 23:06:37.601679
853,ADDR_94219C75,2026-08-01 05:35:58.601679
440,ADDR_0B5EC0F7,2026-08-01 06:36:55.601679
785,ADDR_2BDF30DB,2026-08-01 09:25:01.601679
957,ADDR_758D269D,2026-08-01 09:34:56.601679
686,ADDR_D7DF0052,2026-08-01 10:05:30.601679
760,ADDR_6FFFE4B6,2026-08-01 10:53:07.601679
693,ADDR_C8AAB8D4,2026-08-01 11:08:11.601679
257,ADDR_CB044A14,2026-08-01 18:47:39.601679
20,ADDR_A47FE032,2026-08-01 19:36:26.601679
479,ADDR_BBFCF7A7,2026-08-01 20:02:41.601679
468,ADDR_25A4D9DE,2026-08-01 20:27:56.601679
630,ADDR_E98743AA,2026-08-02 00:43:27.601679
885,ADDR_F3A2FBF9,2026-08-02 01:23:17.601679
516,ADDR_F68A53B7,2026-08-02 07:30:36.601679
865,ADDR_F68A53B7,2026-08-02 07:32:20.601679
889,ADDR_EAC71EDF,2026-08-02 07:35:21.601679
191,ADDR_4DAB4BAB,2026-08-02 12:58:34.601679
47,ADDR_495AE13B,2026-08-02 14:38:04.601679
756,ADDR_7B7534DE,2026-08-02 14:54:52.601679
824,ADDR_BBFCF7A7,2026-08-02 18:20:12.601679
347,ADDR_A47FE032,2026-08-02 19:07:37.601679
920,ADDR_9510DA30,2026-08-02 19:42:05.601679
397,ADDR_0AEC10BF,2026-08-02 20:57:41.601679
627,ADDR_F932B85E,2026-08-02 22:31:09.601679
73,ADDR_E5904593,2026-08-02 23:16:37.601679
315,ADDR_8F1905B6,2026-08-03 02:01:22.601679
520,ADDR_BB09C1D0,2026-08-03 07:51:04.601679
990,ADDR_758D269D,2026-08-03 17:40:29.601679
795,ADDR_536D5F87,2026-08-03 20:31:57.601679
56,ADDR_DDB2F13E,2026-08-03 21:11:17.601679
578,ADDR_E5904593,2026-08-04 03:42:10.601679
943,ADDR_15C2066F,2026-08-04 08:23:31.601679
385,ADDR_83AEFA64,2026-08-04 08:29:50.601679
982,ADDR_CF7172B5,2026-08-04 08:58:31.601679
87,ADDR_178366F3,2026-08-04 09:19:29.601679
749,ADDR_80C70EAF,2026-08-04 10:03:16.601679
704,ADDR_2BDF30DB,2026-08-04 12:53:14.601679
842,ADDR_F7C1F036,2026-08-04 14:47:29.601679
726,ADDR_DDE351E6,2026-08-04 15:57:13.601679
33,ADDR_E98743AA,2026-08-04 21:32:49.601679
68,ADDR_A74DFEBD,2026-08-05 04:42:35.601679
236,ADDR_15C2066F,2026-08-05 04:50:11.601679
375,ADDR_03A31AA2,2026-08-05 04:51:32.601679
111,ADDR_B5282198,2026-08-05 05:24:47.601679
601,ADDR_1865F39D,2026-08-05 05:55:43.601679
504,ADDR_54EDF89B,2026-08-05 12:29:33.601679
380,ADDR_BE77219B,2026-08-05 13:42:28.601679
101,ADDR_051B3227,2026-08-05 21:58:05.601679
421,ADDR_60FF2753,2026-08-05 22:36:00.601679
881,ADDR_80C70EAF,2026-08-05 23:01:54.601679
144,ADDR_B5282198,2026-08-05 23:48:32.601679
831,ADDR_2E311080,2026-08-06 01:28:13.601679
382,ADDR_A47FE032,2026-08-06 05:34:15.601679
5,ADDR_CC36EB4B,2026-08-06 06:44:52.601679
245,ADDR_5B8DA62D,2026-08-06 09:43:35.601679
136,ADDR_6FE886D9,2026-08-06 17:08:10.601679
324,ADDR_C87A09DA,2026-08-06 17:18:56.601679
52,ADDR_8F1905B6,2026-08-06 17:21:17.601679
712,ADDR_18CEA0F2,2026-08-06 18:29:53.601679
662,ADDR_DDB2F13E,2026-08-06 21:12:45.601679
745,ADDR_9510DA30,2026-08-06 22:10:16.601679
187,ADDR_F8690423,2026-08-07 04:16:20.601679
369,ADDR_39302E7F,2026-08-07 05:16:36.601679
76,ADDR_D539AF46,2026-08-07 08:15:35.601679
312,ADDR_1E58EF1C,2026-08-07 09:25:34.601679
77,ADDR_1FA1B731,2026-08-07 14:32:27.601679
71,ADDR_C6DC2615,2026-08-07 16:14:43.601679
960,ADDR_42D7195C,2026-08-07 16:33:04.601679
400,ADDR_8F1905B6,2026-08-07 18:45:13.601679
755,ADDR_3E9BA17D,2026-08-08 03:47:17.601679
61,ADDR_15C2066F,2026-08-08 04:32:20.601679
904,ADDR_BE77219B,2026-08-08 05:28:41.601679
716,ADDR_42D7195C,2026-08-08 06:06:53.601679
706,ADDR_A47FE032,2026-08-08 06:37:55.601679
913,ADDR_0AEC10BF,2026-08-08 08:18:15.601679
202,ADDR_716FD968,2026-08-08 10:14:20.601679
282,ADDR_B375D036,2026-08-08 14:58:02.601679
445,ADDR_F685A282,2026-08-08 15:32:13.601679
314,ADDR_178366F3,2026-08-08 22:37:39.601679
157,ADDR_1979B32F,2026-08-08 23:04:26.601679
470,ADDR_214DA568,2026-08-08 23:23:05.601679
321,ADDR_15C2066F,2026-08-08 23:42:50.601679
955,ADDR_6FE886D9,2026-08-08 23:59:57.601679
640,ADDR_34616755,2026-08-09 00:32:34.601679
211,ADDR_9510DA30,2026-08-09 02:50:27.601679
75,ADDR_6FE886D9,2026-08-09 03:17:53.601679
119,ADDR_E5904593,2026-08-09 04:27:59.601679
969,ADDR_DDB2F13E,2026-08-09 07:05:36.601679
65,ADDR_B5282198,2026-08-09 09:00:35.601679
124,ADDR_943CCABB,2026-08-09 10:21:55.601679
223,ADDR_08497A26,2026-08-09 12:24:21.601679
784,ADDR_CB044A14,2026-08-09 12:38:15.601679
106,ADDR_BBFCF7A7,2026-08-09 13:20:57.601679
809,ADDR_975257B1,2026-08-09 14:53:52.601679
476,ADDR_AB8F67EE,2026-08-09 15:37:58.601679
616,ADDR_F76A6D6D,2026-08-09 16:38:56.601679
173,ADDR_83AEFA64,2026-08-09 19:32:12.601679
958,ADDR_25A4D9DE,2026-08-09 19:40:31.601679
544,ADDR_8D36E2EA,2026-08-10 03:51:48.601679
872,ADDR_3E9BA17D,2026-08-10 04:11:02.601679
934,ADDR_1E58EF1C,2026-08-10 06:19:08.601679
940,ADDR_DDB2F13E,2026-08-10 08:24:35.601679
115,ADDR_C8AAB8D4,2026-08-10 09:44:12.601679
110,ADDR_42D7195C,2026-08-10 10:55:25.601679
13,ADDR_6BF76098,2026-08-10 12:44:33.601679
7,ADDR_516BBFE5,2026-08-10 13:52:35.601679
974,ADDR_975257B1,2026-08-10 15:12:51.601679
316,ADDR_BD12651B,2026-08-10 15:58:38.601679
575,ADDR_6BF76098,2026-08-10 19:25:30.601679
113,ADDR_15C2066F,2026-08-11 03:20:48.601679
783,ADDR_1979B32F,2026-08-11 05:52:03.601679
650,ADDR_E2AC8E69,2026-08-11 10:40:11.601679
494,ADDR_DDB2F13E,2026-08-11 13:04:22.601679
277,ADDR_FA039EC2,2026-08-11 13:11:53.601679
42,ADDR_E5904593,2026-08-11 13:41:01.601679
828,ADDR_6FFFE4B6,2026-08-11 19:51:58.601679
583,ADDR_81B5873F,2026-08-11 21:21:36.601679
604,ADDR_46164A95,2026-08-11 21:36:42.601679
358,ADDR_83AEFA64,2026-08-12 00:06:18.601679
390,ADDR_BEBCCBED,2026-08-12 03:06:04.601679
418,ADDR_4CE96A54,2026-08-12 07:54:23.601679
900,ADDR_5875E354,2026-08-12 08:45:33.601679
430,ADDR_AF17E8FE,2026-08-12 09:39:45.601679
695,ADDR_899B591A,2026-08-12 10:37:27.601679
786,ADDR_FA039EC2,2026-08-12 11:38:33.601679
253,ADDR_975257B1,2026-08-12 13:04:48.601679
150,ADDR_B094F368,2026-08-12 13:35:17.601679
108,ADDR_178366F3,2026-08-12 13:45:25.601679
30,ADDR_39302E7F,2026-08-12 14:00:22.601679
580,ADDR_8F1905B6,2026-08-12 14:37:15.601679
710,ADDR_BFD57B00,2026-08-12 16:49:20.601679
944,ADDR_E98743AA,2026-08-12 17:29:35.601679
519,ADDR_C0DA16BE,2026-08-12 18:13:17.601679
509,ADDR_5875E354,2026-08-12 18:19:48.601679
448,ADDR_716FD968,2026-08-12 20:18:39.601679
542,ADDR_BEBCCBED,2026-08-12 23:53:44.601679
668,ADDR_E98743AA,2026-08-13 02:57:04.601679
632,ADDR_7AED35FE,2026-08-13 04:49:36.601679
496,ADDR_59CE9E4B,2026-08-13 07:41:09.601679
962,ADDR_DE591318,2026-08-13 08:50:01.601679
792,ADDR_E5904593,2026-08-13 11:23:34.601679
930,ADDR_A74DFEBD,2026-08-13 13:33:14.601679
698,ADDR_371C4CFE,2026-08-13 15:13:42.601679
53,ADDR_BE77219B,2026-08-13 15:55:35.601679
242,ADDR_DB15392A,2026-08-13 16:17:13.601679
407,ADDR_03A31AA2,2026-08-13 18:00:03.601679
493,ADDR_C095B563,2026-08-13 23:17:11.601679
766,ADDR_EAC71EDF,2026-08-13 23:26:30.601679
845,ADDR_D539AF46,2026-08-14 00:50:03.601679
907,ADDR_54EDF89B,2026-08-14 03:47:43.601679
751,ADDR_2E311080,2026-08-14 05:10:01.601679
213,ADDR_1865F39D,2026-08-14 05:23:34.601679
805,ADDR_6733942B,2026-08-14 08:35:40.601679
667,ADDR_8A36F26B,2026-08-14 09:41:49.601679
531,ADDR_DB15392A,2026-08-14 17:02:01.601679
404,ADDR_22E65630,2026-08-14 17:21:02.601679
779,ADDR_B5282198,2026-08-14 19:56:41.601679
505,ADDR_BEBCCBED,2026-08-14 20:39:32.601679
121,ADDR_AF17E8FE,2026-08-14 22:43:59.601679
563,ADDR_2E311080,2026-08-14 23:47:39.601679
512,ADDR_C64DB979,2026-08-15 00:54:45.601679
612,ADDR_78A8CF6F,2026-08-15 00:55:05.601679
888,ADDR_1FA1B731,2026-08-15 01:34:58.601679
821,ADDR_F7C1F036,2026-08-15 03:10:17.601679
425,ADDR_536D5F87,2026-08-15 03:33:24.601679
426,ADDR_BB09C1D0,2026-08-15 03:45:37.601679
835,ADDR_94219C75,2026-08-15 06:05:26.601679
99,ADDR_08497A26,2026-08-15 09:53:48.601679
764,ADDR_BE77219B,2026-08-15 11:38:00.601679
117,ADDR_AF17E8FE,2026-08-15 12:43:17.601679
307,ADDR_1FA1B731,2026-08-15 13:52:56.601679
281,ADDR_BD12651B,2026-08-15 14:25:19.601679
898,ADDR_1979B32F,2026-08-15 18:41:19.601679
274,ADDR_8F1905B6,2026-08-15 23:17:27.601679
435,ADDR_43ADEE87,2026-08-16 01:05:18.601679
292,ADDR_F7C1F036,2026-08-16 07:35:41.601679
447,ADDR_DE591318,2026-08-16 08:35:02.601679
241,ADDR_F6940BB7,2026-08-16 09:17:39.601679
869,ADDR_43ADEE87,2026-08-16 12:21:50.601679
551,ADDR_BE77219B,2026-08-16 12:37:44.601679
419,ADDR_536D5F87,2026-08-16 16:53:40.601679
971,ADDR_2E311080,2026-08-16 17:29:20.601679
398,ADDR_C87A09DA,2026-08-16 18:00:09.601679
19,ADDR_BEBCCBED,2026-08-16 18:27:32.601679
655,ADDR_21E90CCF,2026-08-16 19:50:58.601679
620,ADDR_F3A2FBF9,2026-08-16 20:21:51.601679
491,ADDR_C8AAB8D4,2026-08-16 21:27:25.601679
458,ADDR_F685A282,2026-08-16 22:00:17.601679
634,ADDR_CC36EB4B,2026-08-16 23:01:50.601679
730,ADDR_BBFCF7A7,2026-08-17 02:01:37.601679
556,ADDR_F932B85E,2026-08-17 02:26:48.601679
763,ADDR_7AED35FE,2026-08-17 07:32:54.601679
182,ADDR_03A31AA2,2026-08-17 07:35:54.601679
64,ADDR_EAD54B45,2026-08-17 07:56:05.601679
537,ADDR_2C07AF1A,2026-08-17 12:23:10.601679
800,ADDR_6FFFE4B6,2026-08-17 14:23:35.601679
950,ADDR_A67FF62C,2026-08-17 15:49:14.601679
912,ADDR_AB8F67EE,2026-08-17 16:12:48.601679
636,ADDR_BE77219B,2026-08-17 20:30:06.601679
206,ADDR_EAD54B45,2026-08-17 20:53:41.601679
208,ADDR_536D5F87,2026-08-18 02:07:42.601679
818,ADDR_F7C1F036,2026-08-18 07:15:28.601679
879,ADDR_BB09C1D0,2026-08-18 07:46:53.601679
122,ADDR_39BC7E94,2026-08-18 10:29:18.601679
384,ADDR_B7372220,2026-08-18 11:45:27.601679
697,ADDR_A67FF62C,2026-08-18 12:44:59.601679
811,ADDR_8F1905B6,2026-08-18 14:29:03.601679
442,ADDR_61258061,2026-08-18 15:25:10.601679
44,ADDR_F7C1F036,2026-08-18 18:06:00.601679
145,ADDR_214DA568,2026-08-19 09:14:06.601679
465,ADDR_B094F368,2026-08-19 10:19:21.601679
893,ADDR_371C4CFE,2026-08-19 12:51:52.601679
690,ADDR_46164A95,2026-08-19 17:53:54.601679
787,ADDR_3EA7762F,2026-08-19 18:53:47.601679
954,ADDR_BBFCF7A7,2026-08-19 20:00:12.601679
489,ADDR_DDB2F13E,2026-08-19 21:23:56.601679
610,ADDR_54EDF89B,2026-08-19 22:44:11.601679
587,ADDR_BEBCCBED,2026-08-19 22:56:07.601679
72,ADDR_AB01BD6E,2026-08-19 23:00:17.601679
374,ADDR_81B5873F,2026-08-20 00:12:53.601679
939,ADDR_42D7195C,2026-08-20 00:50:13.601679
453,ADDR_70919BD3,2026-08-20 02:25:08.601679
549,ADDR_445C7B5E,2026-08-20 03:02:39.601679
868,ADDR_4CE96A54,2026-08-20 04:27:30.601679
69,ADDR_BD12651B,2026-08-20 09:58:18.601679
720,ADDR_F6940BB7,2026-08-20 15:05:04.601679
603,ADDR_B094F368,2026-08-20 15:53:59.601679
923,ADDR_D7DF0052,2026-08-20 17:11:57.601679
1,ADDR_173E1F17,2026-08-20 18:01:06.601679
260,ADDR_BEBCCBED,2026-08-20 19:08:03.601679
633,ADDR_9510DA30,2026-08-20 19:46:40.601679
36,ADDR_D198BFC4,2026-08-20 21:38:33.601679
644,ADDR_28B1FC8D,2026-08-20 22:03:25.601679
128,ADDR_8EE35A0A,2026-08-21 02:17:31.601679
323,ADDR_70919BD3,2026-08-21 04:09:45.601679
4,ADDR_E5904593,2026-08-21 05:15:57.601679
762,ADDR_B094F368,2026-08-21 05:41:52.601679
905,ADDR_BBFCF7A7,2026-08-21 08:38:55.601679
782,ADDR_18CEA0F2,2026-08-21 08:48:41.601679
703,ADDR_CA4F8215,2026-08-21 08:55:53.601679
498,ADDR_34616755,2026-08-21 10:52:41.601679
989,ADDR_2C07AF1A,2026-08-21 12:06:14.601679
139,ADDR_39BC7E94,2026-08-21 13:48:24.601679
572,ADDR_C87A09DA,2026-08-21 17:09:47.601679
863,ADDR_8A36F26B,2026-08-21 17:11:06.601679
433,ADDR_EAD54B45,2026-08-21 18:23:20.601679
705,ADDR_F7C1F036,2026-08-21 19:31:55.601679
401,ADDR_42D7195C,2026-08-21 21:58:54.601679
866,ADDR_6FFFE4B6,2026-08-21 23:09:46.601679
63,ADDR_B094F368,2026-08-22 01:45:41.601679
972,ADDR_2BDF30DB,2026-08-22 08:08:58.601679
212,ADDR_8F1905B6,2026-08-22 08:33:08.601679
396,ADDR_B5282198,2026-08-22 17:19:01.601679
802,ADDR_EAD54B45,2026-08-22 20:30:00.601679
148,ADDR_B5282198,2026-08-22 20:44:01.601679
883,ADDR_D669B64C,2026-08-22 21:51:00.601679
199,ADDR_4CE96A54,2026-08-23 01:29:31.601679
772,ADDR_42D7195C,2026-08-23 07:42:02.601679
993,ADDR_B617FD66,2026-08-23 08:11:51.601679
286,ADDR_371C4CFE,2026-08-23 10:43:16.601679
778,ADDR_4CE96A54,2026-08-23 11:31:54.601679
247,ADDR_F8690423,2026-08-23 13:17:44.601679
89,ADDR_D3FBA62E,2026-08-23 14:05:16.601679
285,ADDR_FA039EC2,2026-08-23 14:39:55.601679
979,ADDR_BBFCF7A7,2026-08-23 18:39:19.601679
372,ADDR_F7C1F036,2026-08-23 21:15:48.601679
664,ADDR_CB044A14,2026-08-23 21:21:16.601679
428,ADDR_EAD54B45,2026-08-23 22:26:50.601679
915,ADDR_899B591A,2026-08-23 23:04:57.601679
788,ADDR_9510DA30,2026-08-24 00:22:17.601679
80,ADDR_4019FD5E,2026-08-24 00:36:04.601679
392,ADDR_46164A95,2026-08-24 01:35:30.601679
233,ADDR_173E1F17,2026-08-24 02:50:27.601679
765,ADDR_BB09C1D0,2026-08-24 03:45:38.601679
227,ADDR_0B5EC0F7,2026-08-24 07:37:17.601679
810,ADDR_61258061,2026-08-24 09:16:13.601679
250,ADDR_C01D8B0B,2026-08-24 11:42:27.601679
234,ADDR_F68A53B7,2026-08-24 11:49:44.601679
155,ADDR_CC36EB4B,2026-08-24 12:05:16.601679
507,ADDR_4229D735,2026-08-24 13:48:08.601679
420,ADDR_1865F39D,2026-08-24 17:39:53.601679
328,ADDR_716FD968,2026-08-24 20:04:40.601679
526,ADDR_BE77219B,2026-08-25 01:16:03.601679
522,ADDR_F68A53B7,2026-08-25 05:24:27.601679
823,ADDR_54EDF89B,2026-08-25 05:29:44.601679
474,ADDR_0B5EC0F7,2026-08-25 05:41:29.601679
91,ADDR_BE77219B,2026-08-25 08:01:35.601679
807,ADDR_C8AAB8D4,2026-08-25 08:53:19.601679
95,ADDR_BE77219B,2026-08-25 10:42:29.601679
657,ADDR_21E90CCF,2026-08-25 15:48:44.601679
120,ADDR_BBFCF7A7,2026-08-25 15:52:35.601679
346,ADDR_B558E0D7,2026-08-25 16:33:33.601679
663,ADDR_943CCABB,2026-08-25 20:36:20.601679
221,ADDR_F7C1F036,2026-08-25 21:03:08.601679
528,ADDR_F7C1F036,2026-08-25 23:29:33.601679
758,ADDR_BEBCCBED,2026-08-25 23:35:19.601679
946,ADDR_78A8CF6F,2026-08-26 01:01:14.601679
643,ADDR_B09B75B3,2026-08-26 03:05:14.601679
432,ADDR_55E30744,2026-08-26 03:58:34.601679
691,ADDR_CC36EB4B,2026-08-26 09:51:35.601679
748,ADDR_BFD57B00,2026-08-26 15:59:41.601679
917,ADDR_B5282198,2026-08-26 19:03:10.601679
386,ADDR_9510DA30,2026-08-27 03:04:21.601679
164,ADDR_F68A53B7,2026-08-27 09:29:52.601679
304,ADDR_E89FB134,2026-08-27 10:17:58.601679
694,ADDR_DDB2F13E,2026-08-27 17:53:43.601679
181,ADDR_1979B32F,2026-08-27 18:37:25.601679
149,ADDR_F76A6D6D,2026-08-27 18:58:25.601679
133,ADDR_D198BFC4,2026-08-27 18:59:19.601679
463,ADDR_08497A26,2026-08-27 21:30:47.601679
925,ADDR_4019FD5E,2026-08-27 22:40:33.601679
461,ADDR_DB15392A,2026-08-28 00:46:46.601679
986,ADDR_93398E92,2026-08-28 03:58:05.601679
621,ADDR_716FD968,2026-08-28 05:44:02.601679
856,ADDR_DB15392A,2026-08-28 06:06:30.601679
318,ADDR_2BDF30DB,2026-08-28 12:15:20.601679
131,ADDR_15C2066F,2026-08-28 16:40:45.601679
3,ADDR_647359FC,2026-08-28 18:22:22.601679
833,ADDR_EAD54B45,2026-08-28 19:13:04.601679
276,ADDR_759ACFE6,2026-08-28 19:13:33.601679
309,ADDR_D7DF0052,2026-08-28 20:11:13.601679
642,ADDR_22E65630,2026-08-28 21:57:59.601679
597,ADDR_48BB145D,2026-08-28 22:58:56.601679
911,ADDR_E89FB134,2026-08-28 23:03:41.601679
767,ADDR_758D269D,2026-08-29 00:30:27.601679
410,ADDR_716FD968,2026-08-29 01:52:49.601679
280,ADDR_34616755,2026-08-29 08:50:09.601679
921,ADDR_FB64773A,2026-08-29 11:18:25.601679
86,ADDR_3EA7762F,2026-08-29 17:59:47.601679
481,ADDR_8F1905B6,2026-08-29 19:59:04.601679
678,ADDR_2A8826A5,2026-08-30 00:12:39.601679
890,ADDR_1EEFDA4E,2026-08-30 00:20:33.601679
670,ADDR_C095B563,2026-08-30 00:48:51.601679
947,ADDR_6FFFE4B6,2026-08-30 05:45:24.601679
336,ADDR_3E9BA17D,2026-08-30 06:46:30.601679
746,ADDR_BEBCCBED,2026-08-30 10:05:10.601679
567,ADDR_E98743AA,2026-08-30 13:39:21.601679
624,ADDR_43ADEE87,2026-08-30 14:28:56.601679
345,ADDR_1979B32F,2026-08-30 17:19:52.601679
850,ADDR_01D00867,2026-08-30 17:49:53.601679
540,ADDR_A67FF62C,2026-08-31 03:22:50.601679
12,ADDR_25A4D9DE,2026-08-31 03:56:44.601679
244,ADDR_43ADEE87,2026-08-31 04:21:07.601679
825,ADDR_178366F3,2026-08-31 08:52:39.601679
393,ADDR_D7DF0052,2026-08-31 09:09:24.601679
156,ADDR_2E311080,2026-08-31 11:15:37.601679
510,ADDR_C3D5A39D,2026-08-31 11:34:14.601679
201,ADDR_21E90CCF,2026-08-31 12:01:42.601679
543,ADDR_B5282198,2026-08-31 14:52:35.601679
574,ADDR_DDB2F13E,2026-08-31 18:50:54.601679
933,ADDR_6FE886D9,2026-08-31 19:37:59.601679
299,ADDR_EAD54B45,2026-08-31 22:48:50.601679
451,ADDR_5BE8DCE6,2026-09-01 05:04:33.601679
952,ADDR_1FA1B731,2026-09-01 05:52:18.601679
931,ADDR_5B8DA62D,2026-09-01 08:34:18.601679
357,ADDR_CF7172B5,2026-09-01 09:01:06.601679
361,ADDR_BFD57B00,2026-09-01 09:17:22.601679
618,ADDR_CB044A14,2026-09-01 10:07:10.601679
21,ADDR_2E311080,2026-09-01 11:21:18.601679
559,ADDR_529C0368,2026-09-01 12:19:14.601679
290,ADDR_AF17E8FE,2026-09-01 13:27:43.601679
682,ADDR_E89FB134,2026-09-01 21:10:12.601679
983,ADDR_758D269D,2026-09-01 23:53:48.601679
228,ADDR_BEBCCBED,2026-09-02 01:40:20.601679
539,ADDR_BEBCCBED,2026-09-02 05:58:35.601679
679,ADDR_0AEC10BF,2026-09-02 14:01:59.601679
497,ADDR_8B2563BA,2026-09-02 14:47:44.601679
431,ADDR_4CE96A54,2026-09-02 16:17:30.601679
521,ADDR_7B7534DE,2026-09-02 23:34:57.601679
891,ADDR_F68A53B7,2026-09-03 02:31:56.601679
681,ADDR_E98743AA,2026-09-03 05:08:12.601679
317,ADDR_4019FD5E,2026-09-03 06:49:58.601679
140,ADDR_4019FD5E,2026-09-03 08:21:34.601679
515,ADDR_39BC7E94,2026-09-03 08:54:01.601679
936,ADDR_BEBCCBED,2026-09-03 11:01:33.601679
444,ADDR_43ADEE87,2026-09-03 14:15:02.601679
731,ADDR_B558E0D7,2026-09-03 14:18:18.601679
163,ADDR_0B5EC0F7,2026-09-03 14:32:05.601679
606,ADDR_BB09C1D0,2026-09-03 18:33:29.601679
607,ADDR_9510DA30,2026-09-03 23:07:42.601679
659,ADDR_647359FC,2026-09-04 00:56:39.601679
165,ADDR_6733942B,2026-09-04 02:38:56.601679
303,ADDR_6733942B,2026-09-04 03:07:55.601679
579,ADDR_6FE886D9,2026-09-04 05:08:54.601679
123,ADDR_B1C340CA,2026-09-04 07:10:35.601679
651,ADDR_F932B85E,2026-09-04 07:53:01.601679
781,ADDR_2E311080,2026-09-04 11:43:40.601679
591,ADDR_647359FC,2026-09-04 12:31:12.601679
613,ADDR_A74DFEBD,2026-09-04 13:25:04.601679
570,ADDR_DDB2F13E,2026-09-04 16:22:42.601679
639,ADDR_7B7534DE,2026-09-04 17:32:56.601679
513,ADDR_CB044A14,2026-09-04 18:21:13.601679
660,ADDR_B094F368,2026-09-04 20:13:38.601679
836,ADDR_98B4A510,2026-09-04 21:42:15.601679
894,ADDR_BBFCF7A7,2026-09-04 21:54:17.601679
462,ADDR_8F1905B6,2026-09-04 23:55:22.601679
961,ADDR_54EDF89B,2026-09-05 00:31:38.601679
776,ADDR_F68A53B7,2026-09-05 01:41:16.601679
409,ADDR_BBFCF7A7,2026-09-05 01:59:16.601679
992,ADDR_E98743AA,2026-09-05 06:47:03.601679
436,ADDR_15C2066F,2026-09-05 10:07:01.601679
74,ADDR_BE77219B,2026-09-05 10:27:14.601679
466,ADDR_B5282198,2026-09-05 14:50:51.601679
